{
  "mode": "global",
  "safe_mode": false,
  "full_output": true,
  "step": 1,
  "total_folders": 17,
  "total_droplets": 1186,
  "phase1_sec": 5295.912633657455,
  "phase2_sec": 0.004529237747192383,
  "phase3_sec": 133.16637563705444,
  "total_seconds": 5434.6177134513855,
  "global_analysis_timing": {
    "load_cine": 979.6491895003492,
    "darkness_curve": 82550.37506540024,
    "best_frame": 936.7814440000293,
    "n_frames": 357291.0
  },
  "global_output_timing": {
    "reload_frame": 251.86689880023187,
    "crop": 0.02777229977073148,
    "focus_metrics": 5.760213599991403,
    "darkness_plot": 798.0716930999042,
    "overlay_plot": 973.5023159997727,
    "imwrite": 2.6620137998615974,
    "n_outputs": 1186
  }
}