{
  "mode": "global",
  "safe_mode": false,
  "full_output": true,
  "step": 2,
  "total_folders": 17,
  "phase1_sec": 2897.3982055187225,
  "phase2_sec": 0.002000093460083008,
  "phase3_sec": 97.46246862411499,
  "total_seconds": 2994.86567401886,
  "global_analysis_timing": {
    "load_cine": 406.05524180008797,
    "darkness_curve": 39748.65516750021,
    "best_frame": 535.7122129000345,
    "n_frames": 180008.0,
    "n_cines": 821.0
  },
  "global_output_timing": {
    "reload_frame": 120.10582099993917,
    "crop": 0.012831899846787564,
    "darkness_plot": 291.8634644000631,
    "overlay_plot": 361.12855469994247,
    "imwrite": 1.205786599923158,
    "n_outputs": 821.0
  }
}